Org Name,Org Code,Trust code,Cleanliness,Doctors and Nurses Worked well,Dignity and Respect,Involved with Decisions,Recommended,Not Recommended,No Answer
Abbey Hey Clinic,RW3HE,RW3,,,1,,0,1,0
Abingdon Community Hospital,RNUAA,RNU,3.8,5,4.83,5,4,0,0
Accrington Victoria Hospital,RXR60,RXR,4.14,3.57,3.71,3.33,1,0,0
Addenbrooke's,RGT01,RGT,4.14,4.01,4.13,4,15,1,0
Aintree University Hospital,REM21,REM,3.88,3.47,3.55,3.24,8,5,0
Air Balloon Surgery,RVJK3,RVJ,3,3,1,2,0,2,0
Airedale Centre for Mental Health,TAD54,TAD,4,4,4,3,1,0,0
Airedale General Hospital,RCF22,RCF,4.44,4.52,4.48,4.47,19,1,0
Alder Hey Children's NHS Foundation Trust,RBS25,RBS,3.8,3.4,3.5,3.75,2,0,0
Alderney Hospital,RDY22,RDY,2.67,2.4,2.67,2.33,1,3,0
Alexandra Hospital,RWP01,RWP,3.98,3.52,3.59,3.49,14,9,0
Alfred Bean Hospital,RV917,RV9,4.25,4.33,4.5,4.33,3,0,0
All Hallows Hospital,NTY10,NTY,5,5,5,5,1,0,0
Alnwick Infirmary,RTFDJ,RTF,4.69,4.44,4.47,4.33,3,0,0
Altrincham General Hospital,RW3T1,RW3,4.67,5,5,5,2,0,0
Amersham Hospital,RXQ51,RXQ,5,3.75,4.25,3.75,,,
Andover War Memorial Hospital,RN542,RN5,4.73,4.8,4.45,4.67,2,0,0
Arrowe Park Hospital,RBL14,RBL,4,3.88,4,3.96,6,5,0
Arundel & District Hospital,RDRAA,RDR,5,4,5,4,,,
Ashburton and Buckfastleigh Community Hospital,R1G09,R1G,5,5,5,5,,,
Ashford & St Peters Hospital,NDA28,NDA,4.56,4.33,4.89,4.44,1,0,0
Ashford Hospital,RTK02,RTK,4.55,4.61,4.48,4.28,9,0,0
Ashley House Hospital ,NV213,NV2,1,1,1,1,,,
Ashtead Hospital,NVC01,NVC,4.71,4.57,4.7,4.61,15,2,0
Ashworth Hospital,RW404,RW4,5,4,5,4,,,
Aspen Lodge,NTT02,NTT,3,3,3,1,,,
"Auckland Park Hospital, Bishop Auckland",RX3AT,RX3,2,1,1,1,,,
Avondale ,RV945,RV9,4,4,5,4,1,0,0
Axminster Community Hospital,RBZ82,RBZ,4.5,5,5,4.67,1,1,0
Barberry ,RXTD3,RXT,4.8,4.4,4.6,4.6,3,0,0
Barlborough NHS Treatment Centre,NTP13,NTP,5,5,5,4.96,8,0,0
Barnet Hospital,RVL01,RVL,3.88,3.63,3.73,3.52,12,3,0
Barnsley Hospital,RFFAA,RFF,4.13,3.97,4.08,3.74,13,5,0
Basildon University Hospital,RDDH0,RDD,4.37,4.39,4.52,4.47,30,8,0
Basingstoke and North Hampshire Hospital,RN506,RN5,4.01,3.72,4.05,3.82,23,8,0
Bassetlaw Hospital,RP5BA,RP5,4.1,3.5,3.59,3.33,2,1,0
Bedford Hospital South Wing,RC110,RC1,4.25,4.33,4.42,4.41,14,1,0
Belle Vale Health Centre,REP64,REP,3,4,3,2,,,
Benenden Hospital,NWF01,NWF,5,5,5,5,,,
Bensham Hospital,RR7EM,RR7,4,4,3.67,3.5,2,0,0
Berwick Infirmary,RTFDH,RTF,4.5,4.75,5,5,,,
Bethlem Royal Hospital,RV505,RV5,3.25,3.25,2.89,2.86,1,4,0
Bewley House,RVNAC,RVN,3,3,3,3,,,
Bexhill Hospital,RXC03,RXC,4.5,5,5,5,1,0,0
Bideford Hospital,RBZ95,RBZ,1,1,2,1,,,
Birmingham Chest Clinic,RR130,RR1,5,5,5,5,,,
Birmingham Children,RQ301,RQ3,4,3.7,3.8,3.8,1,1,0
Birmingham Dental Hospital,RYW21,RYW,3.91,3.85,3.95,3.86,12,17,0
Birmingham Midland Eye Centre (Bmec),RXK03,RXK,4.07,4.26,4.22,4.13,10,3,0
Birmingham Nhs Walk-In Centre,YDC02,NX1,5,5,5,5,,,
Birmingham Treatment Centre,RXKTC,RXK,4.67,4.5,4.4,4.38,4,0,0
Birmingham Women's NHS Foundation Trust,RLU01,RLU,4.36,4.42,4.14,4.25,5,0,0
Bishop Auckland General Hospital,RTRBA,RTR,4.8,4.4,4.2,4.2,,,
Bishop Auckland Hospital,RXPBA,RXP,4.41,4.45,4.44,4.48,5,1,0
Bispham Hospital Rehabilitation Unit,RXL08,RXL,,,,1,,,
Blackburn Birth Centre,RXR78,RXR,4.7,4.4,4.7,4.8,2,0,0
Blackpool Victoria Hospital,RXL01,RXL,3.9,3.67,3.72,3.38,5,2,0
Blackrod Health Centre,RMC29,RMC,5,5,5,5,,,
Blakelands NHS Treatment Centre,NVC31,NVC,4.94,4.68,4.82,4.81,17,0,0
Blandford Community Hospital,RDYER,RDY,5,5,5,5,,,
Bloxwich Hospital (Mental Illness),RYK01,RYK,4,1,1,1,0,1,0
Blyth Community Hospital,RTFDX,RTF,2.67,2.33,3,3,,,
BMI Bath Clinic,NT402,NT4,4.67,3.67,3.67,4.33,,,
BMI Bishops Wood Hospital,NT405,NT4,4.5,5,5,5,1,0,0
BMI Chelsfield Park Hospital,NT409,NT4,5,5,5,5,,,
BMI Fawkham Manor Hospital,NT414,NT4,5,5,5,5,,,
BMI Fitzroy Square Hospital,NT4BB,NT4,5,5,5,5,,,
BMI Gisburne Park Hospital,NT4CC,NT4,4,5,5,5,,,
BMI Goring Hall Hospital,NT417,NT4,4.43,3.71,3.86,4.14,3,0,0
BMI Mount Alvernia Hospital,NT455,NT4,3.5,3,3,3,,,
BMI Sarum Road Hospital,NT433,NT4,5,4,4,5,,,
BMI Shirley Oaks Hospital,NT436,NT4,5,5,5,5,,,
BMI Southend Private Hospital,NXN01,NT4,4,1,1,3,,,
BMI St Edmunds Hospital,NT446,NT4,4,1.5,2.5,1,,,
BMI The Alexandra Hospital,NT401,NT4,3.6,3.6,4.4,4,1,0,0
BMI The Beaumont Hospital,NT404,NT4,5,4,3.67,4,0,2,0
BMI The Blackheath Hospital,NT406,NT4,3,2.5,3,4,1,0,0
BMI The Chaucer Hospital,NT408,NT4,4.67,4,5,5,,,
BMI The Chiltern Hospital,NT410,NT4,4.25,3.67,4.75,4.5,1,0,0
BMI The Clementine Churchill Hospital,NT411,NT4,4.63,3.75,4.67,4.86,2,1,0
BMI The Duchy Hospital,NT447,NT4,5,5,5,5,1,0,0
BMI The Edgbaston Hospital,NT445,NT4,4.75,4.5,5,4.75,,,
BMI The Foscote Hospital,NT415,NT4,4.92,4.92,5,4.96,,,
BMI The Garden Hospital,NT416,NT4,5,5,5,5,,,
BMI The Hampshire Clinic,NT418,NT4,4.5,4,4,4,,,
BMI The Harbour Hospital,NT419,NT4,5,5,5,4.5,,,
BMI The Highfield Hospital,NT420,NT4,3.25,3.5,3.5,3,1,0,0
BMI The Kings Oak Hospital,NT421,NT4,2,3,3,2,,,
BMI The Lancaster Hospital,NT449,NT4,5,3,5,5,,,
BMI The Lincoln Hospital,NT450,NT4,5,5,4.67,4.67,,,
BMI The London Independent Hospital,NT422,NT4,4.19,3.71,4.12,4.07,1,3,0
BMI The Manor Hospital,NT423,NT4,4,2,2,2,,,
BMI The Meriden Hospital,NT424,NT4,4.5,4.25,4.5,5,1,1,0
BMI The Park Hospital,NT427,NT4,4.75,3.75,4.5,4,,,
BMI The Princess Margaret Hospital,NT428,NT4,4.5,4.25,4.25,3.75,1,1,0
BMI The Priory Hospital,NT429,NT4,4,4,3,4.5,,,
BMI The Ridgeway Hospital,NT430,NT4,4.8,4.6,4.6,4.6,,,
BMI The Saxon Clinic,NT434,NT4,4.67,4.67,4.67,3.67,0,1,0
BMI The Shelburne Hospital,NT435,NT4,5,5,5,5,,,
BMI The Sloane Hospital,NT437,NT4,5,5,5,5,,,
BMI The Somerfield Hospital,NT438,NT4,5,5,5,5,,,
BMI The South Cheshire Private Hospital,NT439,NT4,4,3.67,3.67,3,2,0,0
BMI The Winterbourne Hospital,NT443,NT4,5,5,5,5,,,
BMI Thornbury Hospital,NT440,NT4,4.17,4,3.67,3.83,0,1,0
BMI Three Shires Hospital,NT441,NT4,5,4.86,4.86,4.29,,,
BMI Woodlands Hospital,NTYD5,NT4,4.5,3,2,3.5,,,
Bodmin Community Hospital,NLL11,NLL,4.35,4.29,4.25,4.45,9,0,0
Bodmin NHS Treatment Centre,NVC24,NVC,4,5,4.33,4.33,2,0,0
Bognor Regis War Memorial Hospital,RDR2V,RDR,4.63,4.75,4.78,4.29,2,1,0
Bolsover Hospital,RY8NT,RY8,4.67,5,5,5,1,0,0
Bolton Diabetes Centre,RMC46,RMC,5,5,5,5,,,
Bolton One,RMC98,RMC,4.29,4.18,4.39,4.26,,,
Boston West Hospital,NVC27,NVC,4.79,4.94,4.88,4.85,16,0,0
Bowmere Hospital,RXA19,RXA,5,3,3,3,,,
bpas (Birmingham Central),NT101,NT1,3,3,3,3,,,
bpas (Birmingham South),NT102,NT1,1,2,1,1,0,1,0
bpas (Bournemouth),NT104,NT1,5,3,4,3,,,
bpas (Leamington) ,NT110,NT1,3,5,2,2,0,1,0
bpas (Liverpool),NT117,NT1,4.5,3.5,4,3.5,1,0,0
bpas (Milton Keynes),NT142,NT1,5,5,5,5,,,
bpas (Richmond),NT135,NT1,3,4,1,5,0,1,0
bpas (Streatham),NT131,NT1,5,5,5,5,,,
Bradford Royal Infirmary,RAE01,RAE,4,3.73,3.58,3.67,14,8,0
Bradwell Hospital,R1EE5,R1E,4,3.5,3.5,2.5,2,1,0
Braintree Community Hospital,NPP03,NPP,4.86,4.57,4.43,4.17,1,0,0
Brentwood Community Hospital,RATRM,RAT,3,1,1,1,,,
Brentwood Community Hospital,RAJ25,RAJ,3.78,3.5,3.44,3,3,1,0
Bridgewater Hospital,NMP01,NMP,4.67,3.67,3,5,1,1,0
Bridgnorth Hospital,R1D22,R1D,4.78,4.89,4.44,4.67,3,0,0
Bridgnorth Hospital (Maternity),RXWMB,RXW,4.67,5,5,5,1,0,0
Bridgwater Hospital,RBAC3,RBA,3.29,2.86,3,2.57,1,1,0
Bridlington & District Hospital,RCBNH,RCB,4.67,4.71,4.71,4.69,6,0,0
Bridport Community Hospital,RDYEJ,RDY,5,5,5,5,,,
Brighton General Hospital,RXH05,RXH,3.67,3.33,3.67,3,,,
Bristol Eye Hospital,RA708,RA7,3.64,3.75,4,3.77,3,4,0
Bristol Haematology and Oncology Centre,RA710,RA7,4.2,4.8,5,5,1,0,0
Bristol Royal Hospital For Children,RA723,RA7,4,4,4.11,4.11,3,0,0
Bristol Royal Infirmary,RA701,RA7,4.53,4.64,4.38,4.32,8,2,0
Brixham Community Hospital,R1G02,R1G,5,4,5,4,,,
Brixham Hospital,RK914,RK9,5,5,5,5,,,
Broad Street Medical Practice & Walk In Centre,NTPAH,NTP,4,4,3.5,3,1,0,0
Broadgreen Hospital,RQ601,RQ6,4.67,4.73,4.62,4.63,4,2,0
Bromyard Community Hospital,RLQ03,RLQ,5,4.5,4.5,4.5,,,
Brookfields Hospital,RYV01,RYV,4,3,3,3,,,
Broomfield Hospital,RQ8L0,RQ8,4.46,4.03,4.13,3.96,13,3,0
Buckland Hospital,RVV02,RVV,4,4.55,4.18,4.5,3,2,0
Bunny Hill Primary Care Centre,RE917,RE9,5,4,5,4,,,
Burnham On Sea War Memorial Hospital,RBAC5,RBA,5,5,5,5,1,0,0
Burnley General Hospital,RXR10,RXR,4.16,4.26,4.19,4.17,13,7,0
Burrswood Hospital,NQG01,NQG,5,4.5,5,5,,,
Calderdale Royal Hospital,RWY02,RWY,4.28,3.97,3.92,3.51,1,0,0
Callington Road Hospital,RVNEQ,RVN,3,2,2.5,1.5,,,
Caludon Centre,RYG58,RYG,3.75,1.8,2.4,2.4,,,
Camborne Redruth Community Hospital,NLL17,NLL,4.2,4.5,4.33,4.6,4,1,0
Cannock Chase Hospital,RJD13,RJD,4.71,4.58,4.65,4.61,11,2,0
Carlton Court,RMY13,RMY,5,1.5,3,5,0,1,0
Castle Hill Hospital,RWA16,RWA,4.47,4.25,4.29,4.25,20,5,0
Castleford and Normanton District Hospital,RXG18,RXG,4,5,5,5,,,
Caterham Dene Community Hospital,NDA40,NDA,2,2,2,2,,,
Caterham Dene Community Hospital,NDJZZ,NDJ,5,5,5,5,,,
Caterham Dene Hospital,RTP24,RTP,5,5,5,4,,,
Cavendish Hospital,RY8NW,RY8,4,4.5,5,4,,,
Centenary House,RWR18,RWR,4,5,5,4,,,
Central Hull Cmht,RV967,RV9,4,4,5,4,1,0,0
Central Middlesex Hospital,RV831,RV8,4.25,3.8,4.13,4.2,11,1,0
Chalfont's & Gerrards Cross Hospital,RD766,RD7,5,5,5,5,,,
Chalkhill,RX2X4,RX2,3.4,3.4,3.73,3.27,5,2,0
Chapel Allerton Hospital,RR819,RR8,4.27,3.86,4,4.1,4,4,0
Chard & District Hospital,RBAC7,RBA,4.67,5,4,3.67,1,1,0
Charing Cross Hospital,RYJ02,RYJ,4.05,3.83,3.88,3.8,13,6,0
Charles Clifford Dental Hospital,RHQCC,RHQ,4.27,4.23,4.36,4.27,3,2,0
Chase Farm Hospital,RVLC7,RVL,3.44,3.3,3.48,3.47,13,9,0
Chelsea and Westminster Hospital,RQM01,RQM,3.88,3.76,3.7,3.67,9,2,0
Cheltenham General Hospital,RTE01,RTE,4.06,4.16,4.21,4.1,16,3,0
Cherry Knowle Hospital,RX464,RX4,3,1,1,1,,,
Cheshire and Merseyside Treatment Centre,RWW99,RWW,4.94,4.69,4.75,4.63,,,
Cheshunt Community Hospital,RVLCC,RVL,3.86,3.71,3.29,3.86,3,0,0
Chester Le Street Hospital,RXPCC,RXP,4.71,4.71,4.71,4.43,1,0,0
Chesterfield Royal Hospital,RFSDA,RFS,3.85,3.3,3.57,3.42,7,8,0
Chesterton Medical Centre,RYV09,RYV,5,5,5,5,,,
Chippenham Community Hospital,RN333,RN3,4.4,3.83,4.18,4.33,2,1,0
Chipping Norton War Memorial Community Hospital Out-Patient and Maternity Unit,RTH19,RNU,1,1,1,1,,,
Chorley and South Ribble Hospital,RXN01,RXN,4.5,4.44,4.37,4.29,29,10,0
Christchurch Hospital,RDZ05,RDZ,4.4,4,4.2,4,3,0,0
Churchill Hospital,RTH02,RTH,4.25,4.67,4.63,4.44,6,1,0
CircleBath,NV302,NV3,4.68,4.8,4.96,4.76,1,1,0
CircleReading,NV323,NV3,4.86,4.29,5,4.86,1,0,0
Cirencester Hospital,R1J06,R1J,5,4.5,4.33,4.33,2,2,0
Cirencester NHS Treatment Centre,NTC04,NTC,4.66,4.82,4.88,4.88,30,0,0
City & Hackney Teaching Pct Walk In Centre,YDC90,RQX,4,4,5,5,,,
City Hospital,RXK02,RXK,3.88,3.53,3.47,3.47,1,0,0
Clacton Hospital,NQ108,NQ1,4.09,3.75,3.67,3.8,3,0,0
Claremont Private Hospital,NYW04,NYW,5,5,5,4.4,,,
Claremont Private Hospital,NTE03,NTE,4,1,3.5,3,1,0,0
Clarendon House,RXX98,RXX,3,1,1,1,,,
Clatterbridge Hospital,RBL20,RBL,4.63,4.93,4.94,4.94,3,1,0
Clay Cross Hospital,RY8NR,RY8,5,5,5,5,,,
Claybrook Centre,RKL78,RKL,3,1,1,3,,,
Clevedon Community Hospital,NLT02,NLT,5,5,5,5,,,
Clevedon Hospital,RVJ04,RVJ,,1,1,,,,
Clifton Hospital,RXL06,RXL,5,5,5,5,,,
Clifton Park Hospital,NVC28,NVC,4.5,4.55,4.64,4.45,8,0,0
Coalville Community Hospital,RY8CA,RY8,4.14,4.14,4.14,3.67,2,0,0
Cobalt NHS Treatment Centre,NVC29,NVC,4.8,4.67,4.9,4.8,4,0,0
Cobham Community Hospital,NDA32,NDA,5,5,5,5,,,
Cobham Community Hospital,NTV06,NTV,5,5,5,5,,,
Colchester General Hospital,RDEE4,RDE,4.2,4.01,4.18,3.94,48,12,0
Colchester Nhs Walk-In Centre,YDC58,NTP,5,5,5,5,,,
Colman Hospital,RY311,RY3,5,5,5,5,,,
Congleton War Memorial Hospital,RJN63,RJN,4,3,3.5,3,,,
Conquest Hospital,RXC01,RXC,3.96,3.78,3.85,3.65,7,2,0
Corbett Hospital,RNA04,RNA,4.91,4.73,4.9,4.6,3,0,0
Cossham Hospital,RVJ21,RVJ,4.62,4.25,3.77,4.13,1,1,0
Countess Of Chester Hospital,RJR05,RJR,4.07,3.79,3.95,3.64,7,6,0
County Hospital Louth,RY572,RY5,4.61,4.72,4.76,4.53,4,0,0
Coventry Nhs Healthcare & Walk In Centre,NQTE1,NQT,4.33,3.67,4,4,,,
Craig Croft Clinic,TAM27,TAM,2,1,2,1,0,1,0
Cramlington Med Group - EYELID Clinic,37020,NX2,1.67,3,2,1.67,2,0,0
Crawley Hospital,RDRCC,RDR,4.62,4.07,4.38,3.79,,,
Cromer and District Hospital,RM131,RM1,4.95,4.68,4.67,5,2,0,0
"Cross Lane Hospital, Scarborough",RX3NX,RX3,4,2,2,1,,,
Crowborough Birthing Centre,RXC14,RXC,4.8,5,5,5,,,
Crowborough War Memorial Hospital,5P705,RXC,5,5,5,5,,,
Crowborough War Memorial Minor Injury Unit,RXCLD,RXC,4.64,4.64,4.64,4.64,1,0,0
Croydon University Hospital,RJ611,RJ6,3.28,3.18,3.29,3.12,23,12,0
Cumberland Infirmary,RNLAY,RNL,3.72,3.79,3.82,3.64,19,7,0
Cygnet Hospital Derby,NMJ07,NMJ,5,5,5,,,,
Cygnet Hospital Ealing,NMJ08,NMJ,1,1,1,1,,,
Danetre Hospital,RP1J6,RP1,5,5,5,5,3,0,0
Darent Valley Hospital,RN707,RN7,4.28,4.11,4.17,4.07,22,10,0
Darlington Memorial Hospital,RXPDA,RXP,3.72,3.71,3.64,3.49,24,11,0
Dartmouth Community Hospital,R1G10,R1G,5,5,5,5,1,0,0
Dean Street,RQM11,RQM,4,5,5,5,,,
Delce Health Centre,RPA25,RPA,3,1,3,1,,,
Derriford Hospital,RK950,RK9,4.16,3.81,4,3.71,13,3,0
Devizes NHS Treatment Centre,NTC03,NTC,4.86,4.96,4.96,4.93,23,0,0
Devonshire Centre for Neuro-Rehabilitation,RWJ03,RWJ,4,3,5,3,,,
Dewsbury and District Hospital,RXF10,RXF,3.92,3.84,3.9,3.79,30,9,0
"Diana, Princess Of Wales Hospital",RJL30,RJL,4.15,4.11,4.17,3.89,8,6,0
Didcot Health Centre,RHW60,RHW,4,3,3,4,,,
Dilke Memorial Hospital,R1J10,R1J,5,5,5,5,,,
Doddington Hospital,RYV04,RYV,4.2,3.89,3.8,3.95,3,2,0
Doncaster Royal Infirmary,RP5DR,RP5,3.74,3.32,3.31,3.22,9,8,0
Dorothy Pattison Hospital,RYK10,RYK,5,1,3,2,,,
Dorset County Hospital,RBD01,RBD,4.23,4.14,4.35,4.2,10,2,0
Duchy Hospital,NVC04,NVC,4.25,4.86,4.63,4.57,3,1,0
Ealing Hospital,RC368,RC3,2.92,3.13,3.17,3.09,8,13,0
East Riding Community Hospital,RV9HE,RV9,4.57,4.43,4.57,4.29,,,
East Surrey Hospital,RTP04,RTP,4.2,4.27,4.2,4.1,25,14,0
Eastbourne District General Hospital,RXC02,RXC,3.48,3.48,3.57,3.48,11,7,0
Eccleshill Community Hospital,RAE4H,RAE,4.67,3.67,3.67,3,1,0,0
Eccleshill NHS Treatment Centre,NTP23,NTP,4.82,4.55,4.82,4.6,1,0,0
Edenbridge War Memorial Hospital,RYYD4,RYY,5,5,5,5,,,
Edgware Community Hospital,RALRA,RAL,4.16,3.68,3.57,3.94,7,3,0
Edgware Community Hospital,RRP23,RRP,3,3,3,3,,,
Edgware Hospital,RVL07,RVL,5,2,3,3,,,
Edward Street Hospital,TAJ07,TAJ,4,5,5,5,1,0,0
Elective Orthopaedic Centre,RVRTC,RVR,4.6,4.6,4,4.4,,,
Ellen Badger Hospital,RJC04,RJC,5,5,5,5,,,
Ellesmere Port Hospital,RJR60,RJR,4,3.83,4.2,3,2,0,0
Elmleigh,RW1AM,RW1,5,5,5,5,,,
Emersons Green NHS Treatment Centre,NTC02,NTC,4.93,4.86,4.92,4.8,37,1,0
Epsom Hospital,RVR50,RVR,4.28,4.25,4.39,4.2,15,2,0
Essex County Hospital,RDEEB,RDE,4.27,4.23,4.38,4.42,3,1,0
Euxton Hall Hospital,NVC05,NVC,4.71,4.57,4.67,4.67,19,0,0
Evesham Community Hospital,R1A01,R1A,4.8,5,5,5,1,0,0
Exmouth Hospital,RBZ84,RBZ,4,4.6,4.67,4,2,1,0
Fairfield General Hospital,RW601,RW6,4.31,4.14,4.13,3.95,27,6,0
Fairfield Hospital,NVG01,NVG,5,5,5,4.71,,,
Fairmile House (Acute Mental Illness),RDY38,RDY,4,4,5,5,,,
Falmouth Hospital,NLL16,NLL,4.67,4.83,5,5,1,0,0
Fanshawe Clinic (Outreach),RF4OR,RF4,5,5,5,5,,,
Fareham Community Hospital,RW1M5,RW1,4.5,5,5,5,,,
Farnham Hospital Outpatients Department,RDU02,RDU,4.75,3,3.2,3.2,0,1,0
Farnham Road Hospital,RXX22,RXX,4.33,4.2,4.2,3.6,1,2,0
Faversham Cottage Hospital,RVVFC,RVV,4.89,4.82,4.82,4.75,,,
Fenwick Hospital,RW1Q2,RW1,4,5,5,5,1,0,0
Fieldhead,RXG10,RXG,3.25,2.75,2.25,2,,,
Finchley Memorial Hospital,RAL22,RAL,3.75,3.29,3.45,3.05,8,10,0
Finchley Walk-In Centre,YDC61,RVL,3,3,1,1,,,
Fitzwilliam Hospital,NVC06,NVC,4.65,4.88,4.83,4.9,22,2,0
Fleet Community Hospital,R1CG3,R1C,4,4,3.67,4.33,1,1,0
Fleetwood Health And Wellbeing Centre,RW5KL,RW5,5,4,1,2,,,
Fleetwood Hospital,RXL04,RXL,5,3.5,3,2.5,1,1,0
Fountain Way,RVN9A,RVN,4,4.5,,,2,0,0
Fowey Hospital,NLL14,NLL,5,5,5,5,,,
"Foxglove Ward, King George Hospital",RATKG,RAT,4.5,5,5,4,,,
Freeman Hospital,RTD01,RTD,4.4,4.21,4.09,4.23,6,2,0
Frenchay Hospital,RVJ20,RVJ,3.94,3.86,3.94,3.7,13,3,0
Friarage Hospital Site,RTR45,RTR,4.42,4.24,4.11,4.17,11,3,0
Frimley Park Hospital,RDU01,RDU,4.33,4.1,4.23,4.15,37,8,0
Frome Community Hospital ,RH5G5,RH5,5,4.75,5,4.75,1,0,0
"Fryatt Hospital, Harwich",NQ106,NQ1,5,5,5,5,3,0,0
Fulwood Hall Hospital,NVC07,NVC,4.86,4.83,4.86,4.83,20,0,0
Furness General Hospital,RTXBU,RTX,4.31,4.24,4.36,4.06,16,5,0
George Bryan Centre,RRE58,RRE,3,2,3,3,,,
George Eliot Hospital - Acute Services,RLT01,RLT,4,3.93,3.95,3.95,5,3,0
Georges Turle House,RXYG3,RXY,1.67,1,1.67,1.67,,,
Glenfield Hospital,RWEAE,RWE,4.57,4.68,4.61,4.58,21,3,0
Gloucestershire Royal Hospital,RTE03,RTE,4.06,3.75,3.98,3.91,7,4,0
Good Hope Hospital,RR105,RR1,4.1,3.92,3.98,3.96,23,11,0
Goodmayes Hospital,RATGM,RAT,5,3,5,5,,,
Goole and District Hospital,RJL31,RJL,4.33,4.33,4.5,4.33,,,
Goole Treatment Centre,RJLT1,RJL,5,5,5,5,,,
Gorton Medical Centre,RW3GM,RW3,2,3,2,4,,,
Gosport War Memorial Hospital,RW158,RW1,4.23,4.45,4.33,4.08,7,5,0
Gosport War Memorial Hospital,RHU10,RHU,4.2,4.2,4,4,4,1,0
Grantham and District Hospital,RWDLP,RWD,4.38,4.29,4.26,4,8,1,0
Gravesham Community Hospital,RN701,RN7,3,5,5,5,,,
Gravesham Community Hospital,RYYDN,RYY,4.88,4.44,4.67,4.24,,,
Grays Hall,RWNC6,RWN,4,3,1,1,,,
Great North Childrens Hospital,RTD10,RTD,5,5,5,5,,,
Great Ormond Street Hospital ,RP401,RP4,4,3.75,4,4,,,
Greater Manchester NHS CATS - Bolton,NTPM1,NTP,4.67,4.67,4,4,0,1,0
Greater Manchester NHS CATS - Denton,NTPM8,NTP,4.25,5,4.75,3.75,,,
Greater Manchester NHS CATS - Rochdale,NTPM5,NTP,5,5,5,5,,,
Greater Manchester NHS CATS - Salford,NTPM6,NTP,3,2,1,2,0,1,0
Green Elms Medical Centre,F81681,NQ1,4,3,3,3,,,
Green Lane Hospital,RVN6A,RVN,4.25,4,4,3.5,1,1,0
Grindon Lane Primary Care Centre,RE918,RE9,3.67,2.33,1,1.33,,,
Guest Hospital,RNA02,RNA,4.5,4.75,4.75,4,1,0,0
Guisborough General Hospital ,RTRAQ,RTR,4,5,5,5,,,
Gun Lane Surgery,RPA67,RPA,2,3,3,5,,,
Guy's Hospital,RJ121,RJ1,4.12,4.21,4.24,4.26,14,2,0
Hallam Street Hospital,TAJ20,TAJ,4.5,5,5,4,0,1,0
Halton General Hospital,RWWHG,RWW,4.8,4.86,4.9,4.88,12,0,0
Haltwhistle War Memorial Hospital,RTFDU,RTF,5,5,5,5,2,1,0
Hammersmith Hospital,RYJ03,RYJ,4.34,4.29,4.33,4.32,13,0,0
Harefield Hospital,RT301,RT3,4.45,4.64,4.45,4.55,2,0,0
Harlow - Derwent Centre,RRDPA,RRD,,4,,3,1,0,0
Harplands Hospital,RLY88,RLY,3.36,2.58,2.92,2.67,2,3,0
Harrogate District Hospital,RCD01,RCD,4.19,3.88,3.88,3.85,7,1,0
Hartington Unit,RXM65,RXM,2.5,1,1,1,,,
Hastings Walk In Centre,YDCG3,NVE,5,5,5,5,,,
Hawkhurst Hospital,RYYD6,RYY,5,5,5,5,,,
Haywood Hospital,R1E56,R1E,4.33,3.33,3.33,3.17,2,0,0
Heanor Memorial Hospital,RY8DF,RY8,3,3.5,3,3,1,1,0
Heartlands Hospital,RR101,RR1,4.15,4.15,4.21,4.26,20,3,0
Heath Lodge Clinic,RRJ32,RRJ,5,4,5,5,,,
Heatherwood Hospital,RD752,RD7,4.33,4.48,4.57,4.47,7,0,0
Heavitree Hospital,RH802,RH8,4.67,4.78,4.56,4.67,3,0,0
Hellesdon Hospital,RMY01,RMY,3.67,2.67,3.67,3.67,,,
Helston Community Hospital,NLL18,NLL,5,4.11,4.22,4.11,1,0,0
Hemel Hempstead Hospital,RWG08,RWG,3.94,3.95,4.36,4.06,12,1,0
Henley (Townlands) Community Hospital,RTHA1,RHW,4.5,5,5,5,2,0,0
Hertford County Hospital,RWH23,RWH,4.5,4.67,4.67,4.4,9,1,0
Herts and Essex Community Hospital,RQWG2,RQW,4.61,4.5,4.56,4.75,3,1,0
Hexham General Hospital,RTFDR,RTF,4.44,4.5,4.41,4.2,9,2,0
Hillingdon Hospital,RAS01,RAS,3.49,3.49,3.56,3.54,17,6,0
Hillside Centre,RLQ14,RLQ,5,5,5,5,,,
Hillview Lodge,RVN2A-A,RVN,5,5,5,5,,,
Hinchingbrooke Hospital,RQQ31,RQQ,4.15,3.98,4.19,3.97,11,4,0
Hinckley And District Hospital,RY8DK,RY8,4.56,4.44,4.67,4.44,3,0,0
Holly House Hospital,NTY25,NTY,4.33,3.67,3.33,3.33,,,
Holme Valley Memorial Hospital,NL808,NL8,5,5,5,5,,,
Holsworthy Hospital,RBZ92,RBZ,5,5,5,5,,,
Homerton University Hospital,RQXM1,RQX,3.77,3.61,3.58,3.78,7,2,0
Honiton Hospital,RBZ80,RBZ,5,5,5,5,1,0,0
Hornsea Cottage Hospital,RV904,RV9,4,5,5,5,1,0,0
Horsham Hospital,RCRDD,RDR,5,4.33,3.67,3.67,,,
Horsham Hospital,RTP23,RTP,4,2,1,2,,,
Horsham Hospital,RDR3L,RDR,4.63,5,4.5,5,5,1,0
Horton General Hospital,RTH05,RTH,4.31,4.32,4.27,4.22,7,3,0
Horton NHS Treatment Centre,NVC25,NVC,4.63,4.75,4.9,4.74,15,1,0
Hospital For Tropical Diseases,RRVRH,RRV,5,4,3.8,4,0,1,0
Hospital Of St Cross,RKB03,RKB,4.12,4.24,4.18,3.9,10,3,0
Hove Polyclinic,RXH17,RXH,3,4,4,2,,,
Huddersfield Royal Infirmary,RWY01,RWY,4.22,4,4.11,3.94,6,2,0
Hull Royal Infirmary,RWA01,RWA,3.66,3.43,3.56,3.36,17,10,0
Hundens Lane Day Hospital - Darlington,RXP63,RXP,2.67,1.33,1.5,1.5,0,2,0
Hurstwood Park Neurosciences Centre,RXH10,RXH,4.33,3.67,3.67,4,,,
Hythe Hospital,RW1Q6,RW1,4.4,4.2,4.6,4.5,1,2,0
Ida Darwin,RT115,RT1,5,1,1,1,,,
Ilkeston Community Hospital,RY8RH,RY8,4.71,4.82,4.82,4.53,4,0,0
James Paget University Hospital,RGP75,RGP,4.62,4.64,4.67,4.45,14,4,0
John Coupland Hospital,RY568,RY5,4.67,5,4.67,5,1,0,0
John Radcliffe Hospital,RTH08,RTH,4.44,4.26,4.33,4.09,18,9,0
Johnson Community Hospital,RY567,RY5,5,3.5,4.25,3.25,,,
Js Medical Practice,NCP64,NCP,4,5,5,5,,,
Julian Hospital,RMY02,RMY,3,2,2,2,0,1,0
Juniper Centre,RXTD5,RXT,4.5,3.5,3,2.5,,,
K McGuiness Opticians - Hearingcare Clinc,37012,NX2,2,3.33,2.67,2,0,1,0
Kelling Hospital,RY335,RY3,5,5,5,5,,,
Kendray Hospital,RXG82,RXG,3.5,3,3,3,,,
Kent and Canterbury Hospital,RVVKC,RVV,4.28,4.15,4.34,3.98,17,4,0
Keresforth Centre,RXG83,RXG,5,5,5,5,,,
Kettering General Hospital,RNQ51,RNQ,4.24,4.27,4.27,4.23,53,7,0
Kidderminster Hospital & Treatment Centre,RWP31,RWP,4.76,4.57,4.67,4.53,9,3,0
King Edward Vii,RWX80,RWX,2.5,1.5,2.5,1,,,
King Edward Vii Hospital,RD753,RD7,4.83,4.5,3.89,3.5,2,4,0
King George Hospital,RF4DG,RF4,3.46,3.16,3.21,3.04,17,12,0
King's College Hospital (Denmark Hill),RJZ01,RJZ,4.25,4,4.17,3.91,16,1,0
King's Mill Hospital,RK5BC,RK5,4.17,3.8,3.9,3.81,36,20,0
Kings Park Hospital,RDY02,RDY,4,4,3,3.5,0,1,0
Kingsbridge (South Hams) Community Hospital,R1G55,R1G,4.25,3.25,3.6,3,1,2,0
Kingston Hospital,RAX01,RAX,3.96,3.72,3.62,3.75,11,7,0
"Knowsley Nhs Walk-In Centre, Halewood",YDCF5,RTV,5,5,5,5,,,
Launceston General Hospital,NLL04,NLL,4.5,5,5,5,1,0,0
Lbhealthcare,NBN01,NBN,5,5,5,5,,,
Leatherhead Hospital,NTV13,NTV,4.9,4.8,4.8,4.7,,,
Leeds Dental Hospital,RR802,RR8,4.11,2.95,3.05,3.94,5,3,0
Leeds General Infirmary,RR801,RR8,4.23,4.14,4.26,4.2,17,5,0
Leek Moorlands Hospital,R1EE3,R1E,5,5,5,5,,,
Leicester General Hospital,RWEAK,RWE,3.81,3.46,3.53,3.31,17,11,0
Leicester Royal Infirmary,RWEAA,RWE,3.59,3.38,3.51,3.41,27,33,0
Leigh Infirmary,RRF01,RRF,3.89,4.56,4.33,4.67,2,0,0
Leigh Infirmary,5HG22,RTV,5,5,5,5,,,
Leighton Hospital,RBT20,RBT,4.32,4.42,4.44,4.28,56,11,0
Lenworth Clinic,RXYL3,RXY,2,3,3,2,,,
Leominster Community Hospital,RLQ06,RLQ,4.33,3.67,3.67,1,,,
Lever Chambers Centre for Health,RMC05,RMC,5,5,5,5,2,0,0
Lewes Victoria Hospital,RXCLV,RXC,4.84,4.74,4.78,4.82,10,2,0
Lewes Victoria Hospital,5P701,RXC,4.75,5,5,5,,,
Lincoln County Hospital,RWDDA,RWD,3.78,3.47,3.59,3.55,20,11,0
Lings Bar Hospital,RHANN,RHA,4,4.22,4.33,4.13,1,2,0
Liskeard Community Hospital,NLL07,NLL,4.71,4.46,4.43,4.38,5,0,0
Lister Health Centre,RJ149,RJ1,5,4,4,5,,,
Lister Hospital,RWH01,RWH,4.1,4.03,4.07,3.92,43,26,0
Litchdon Medical Centre,RBZ01,RBZ,4,5,5,4,,,
Litherland Town Hall Health Centre,REM40,REM,4,5,5,5,,,
Litherland Town Hall Walk In Centre,YDC80,RY1,5,5,5,5,,,
Little Brook Hospital,RXYL2,RXY,,1,,,0,1,0
Liverpool Heart and Chest Hospital,RBQHQ,RBQ,4.77,4.92,5,4.92,4,0,0
Liverpool Women's NHS Foundation Trust,REP01,REP,4.1,3.93,3.61,3.83,9,5,0
Livingstone Hospital,RYYD8,RYY,4.67,4,4,3.33,,,
London Road Community Hospital,RTGFA,RTG,4,4.75,4.75,4.67,1,0,0
Long Eaton Health Centre,RY8RK,RY8,5,5,5,5,,,
Longreach House,RJ863,RJ8,3,1,2,1,,,
Longridge Community Hospital,RXR75,RXR,5,5,5,,,,
Longsight Medical Practice,RW3LP,RW3,3,4,2,3,0,1,0
Longton Hospital,R1E75,R1E,5,5,5,5,,,
Lordswood Community and Healthy Living Centre,RXYL4,RXY,5,3,3,3,,,
Loughborough Hospital,RT5PD,RT5,4.41,4.5,4.44,4.27,6,1,0
Loxford Polyclinic,RATAJ,RAT,5,5,5,5,,,
Ludlow Community Hospital,R1D21,R1D,5,5,4.5,4,,,
Ludlow Hospital (Maternity),RXWML,RXW,5,5,5,5,,,
Luton and Dunstable Hospital,RC971,RC9,3.77,3.53,3.58,3.55,22,6,0
Lydney & District Hospital site,R1J11,R1J,4.44,4.75,4.56,4.78,4,0,0
Lymington New Forest Hospital,RW1YM,RW1,4.49,4.3,4.4,4.4,20,2,0
Lynfield Mount Hospital,TAD17,TAD,2.33,2,2,2,,,
Macclesfield District General Hospital,RJN71,RJN,4,4.06,4.12,4.03,18,4,0
Macclesfield Mental Health,RXA71,RXA,2,2,2,1,,,
Maghull Health Centre,REM42,REM,3,3,1,1,0,1,0
Maidstone Hospital,RWF03,RWF,4.08,4,4,3.87,7,3,0
Maister Lodge,RV938,RV9,4,5,5,,1,0,0
"Malton, Norton & District Hospital",RCBL8,RCB,4.5,5,5,4.86,5,0,0
Malvern Community Hospital,R1A02,R1A,4.86,4,5,5,3,0,0
Manchester Royal Eye Hospital,RW3RE,RW3,4.44,3.81,4.08,3.85,5,9,0
Manchester Royal Infirmary,RW3MR,RW3,3.6,3.54,3.75,3.67,20,10,0
Manor Hospital,RBK02,RBK,3.68,3.36,3.45,3.25,10,9,0
Mansfield Community Hospital,RHABL,RHA,5,4,4,4.33,,,
Marie Stopes International Essex Centre,NTG02,NTG,3.5,3.75,2.75,3.5,1,2,0
Market Harborough & District Hospital,RY8CR,RY8,4.75,5,4.8,5,,,
Marlowes Health Centre,RWR33,RWR,3,3,3,3,,,
Maudsley Hospital,RV504,RV5,3,2.71,2.57,2.29,0,1,0
Medway Maritime Hospital,RPA02,RPA,3.42,3.37,3.53,3.35,14,15,0
Melksham Community Child & Adolescent Mental Health,RNUAJ,RNU,4,1,1,1,,,
Melton Mowbray Hospital,RY827,RY8,4.25,4,3,4.33,2,2,0
Merritt Medical Centre,NNV20,NNV,5,1,2,1,,,
Mid and South Buckinghamshire Diagnostic NHS Centre,NT601,NT6,4.5,5,5,5,1,0,0
Mile End Hospital,R1H13,R1H,2.86,2,2,2.83,0,3,0
Milford Specialist Rehabilitation Hospital,NDA26,NDA,3,3,4,3,0,1,0
Mill View Hospital,RX213,RX2,3.14,3,2.94,2.93,1,4,0
Milton Keynes Hospital,RD816,RD8,3.84,3.75,3.94,3.75,28,26,0
Milton Keynes Urgent Care Services Cic,NPH01,NPH,3.75,3,3,3,,,
Minehead Community Hospital,RH5F5,RH5,5,4,5,5,,,
Minster Surgery,RYYG5,RYY,5,5,5,5,,,
Miu St Georges Centre,RR847,RR8,3,2,2,2,,,
Molesey Hospital,NTV15,NTV,5,5,5,5,1,0,0
Montagu Hospital,RP5MM,RP5,4.38,4.29,4.43,4.14,,,
Moorfields Community Eye Clinic at Loxford ,RP6XD,RP6,5,5,5,5,,,
Moorfields Eye Hospital (City Road),RP601,RP6,4.42,4.13,4.25,4.13,3,1,0
Moorgreen Hospital,R1C02,R1C,,,5,,1,0,0
Morley Street Child / Dental Services,RDRFD,RDR,5,5,5,5,,,
Morris House Group Practice,NCP50,NCP,5,5,5,4,,,
Moseley Hall Hospital,RYW23,RYW,3.75,3.74,3.9,3.89,1,3,0
Moss Side Health Centre,RW3MH,RW3,5,5,5,5,,,
Mount Gould Hospital,RK901,RK9,4,1,2,4,,,
Mount Gould Hospital,NR527,NR5,5,5,5,5,,,
Mount Stuart Hospital,NVC08,NVC,4.88,4.71,4.63,4.5,4,1,0
Mount Vernon Cancer Centre,RWH04,RWH,4,4.75,5,4.8,3,0,0
Mount Vernon Hospital,RAS02,RAS,4.77,4.64,4.65,4.63,5,3,0
Mount Vernon Hospital,RXG84,RXG,3.33,3.33,3.5,2.83,,,
Musgrove Park Hospital,RBA11,RBA,4.06,4.16,4.09,4.09,9,3,0
"National Hospital For Neurology and Neurosurgery, Queen Square",RRVNQ,RRV,4.21,3.83,3.96,3.67,14,2,0
Navas [Treatment Centre],NNW02,NNW,5,5,5,5,,,
Nene Park Outpatients Clinic,RNQ16,RNQ,5,5,5,4,,,
New Cross Hospital,RL403,RL4,4.01,3.63,3.84,3.63,11,3,0
New Forest Birth Centre,RHM03,RHM,4.91,5,5,5,3,0,0
New Hall NHS Treatment Centre,NVC10,NVC,4.77,4.88,4.91,4.88,22,1,0
New Richardson Hospital,RXP35,RXP,4.67,4.67,4.67,4.33,1,0,0
Newark Hospital,RK5HP,RK5,4.65,4.48,4.45,4.57,9,4,0
Newbridges,RV934,RV9,5,4.5,4.5,3,,,
Newbury Park Health Centre,RATFK,RAT,3,1,1,1,,,
Newcastle Dental Hospital,RTD04,RTD,4.39,4.65,4.31,4.5,5,2,0
Newham Centre for Mental Health,RWKCC,RWK,5,4.5,4.5,4.5,,,
Newham General Hospital,R1HNH,R1H,2.51,2.15,2.07,2.07,2,9,0
Newholme Hospital,RY8NA,RY8,5,5,5,5,1,0,0
Newmarket Hospital,RGT48,RGR,5,5,5,4.2,1,0,0
Newquay Hospital,NLL15,NLL,5,5,5,5,,,
Newton Abbot Community Hospital,R1G12,R1G,3.67,3.67,3.67,3.67,,,
"Nhs Walk In Centre - Newcastle, Byker",YDCA3,RTD,5,5,5,5,,,
Nightingale House/Court/Florence House,RDY12,RDY,,,,,1,0,0
Norfolk and Norwich University Hospital,RM102,RM1,4.44,4.25,4.37,4.22,21,4,0
North Cambridgeshire Hospital,RYV02,RYV,4.43,5,5,5,5,0,0
North Cotswold Hospital,R1J21,R1J,5,5,5,5,,,
North Devon District Hospital,RBZ12,RBZ,4.65,4.62,4.71,4.6,4,1,0
North Downs Hospital,NVC11,NVC,4.88,4.9,4.93,4.84,19,0,0
North East London NHS Treatment Centre,NTP15,NTP,4.56,3.6,3.8,3.7,4,0,0
North Manchester General Hospital,RW602,RW6,3.88,3.78,3.72,3.67,28,23,0
North Middlesex University Hospital,RAPNM,RAP,3.42,3.07,3.12,3.16,7,7,0
North Tyneside General Hospital,RTFFS,RTF,4.11,4.06,4.05,4.02,23,12,0
North Walsham Hospital,RY332,RY3,5,5,5,5,,,
Northampton General Hospital (Acute),RNS01,RNS,4.15,4.05,4.15,3.92,8,5,0
Northern General Hospital,RHQNG,RHQ,4.13,4.21,4.28,4.22,17,6,0
Northgate Hospital,RGP77,RGP,4.67,5,4.33,3,1,0,0
Northwick Park Hospital,RV820,RV8,3.32,3.27,3.38,3.39,14,16,0
Norwich Community Hospital,RY312,RY3,3.9,2.89,3,4.22,3,0,0
Nottingham NHS Treatment Centre (Circle),NV313,NV3,4.55,4.21,4.46,4.1,4,0,0
Nottingham University Hospitals NHS Trust - City Campus,RX1CC,RX1,4.63,4.56,4.69,4.53,7,1,0
Nottingham University Hospitals NHS Trust - Queen's Medical Centre Campus,RX1RA,RX1,3.78,3.66,3.93,3.63,9,9,0
Nottingham Woodthorpe Hospital,NVC40,NVC,4.46,4,4.67,4.58,2,0,0
Nuffield Diagnostic Centre,RNQ97,RNQ,5,5,5,5,,,
"Nuffield Health, Bournemouth Hospital",NT202,NT2,5,5,5,5,,,
"Nuffield Health, Brighton Hospital",NT205,NT2,5,5,5,5,,,
"Nuffield Health, Cambridge Hospital",NT209,NT2,5,5,5,5,,,
"Nuffield Health, Chichester Hospital",NT212,NT2,5,5,5,5,1,0,0
"Nuffield Health, Derby Hospital",NT213,NT2,5,4,5,4,,,
"Nuffield Health, Exeter Hospital",NT215,NT2,5,5,5,5,,,
"Nuffield Health, Guildford Hospital",NT216,NT2,5,5,5,5,,,
"Nuffield Health, Ipswich Hospital",NT222,NT2,5,5,4.75,4.75,,,
"Nuffield Health, Leeds Hospital",NT225,NT2,4.63,3.75,4,3.75,2,1,0
"Nuffield Health, Leicester Hospital",NT226,NT2,5,5,5,5,,,
"Nuffield Health, Newcastle-upon-Tyne Hospital",NT229,NT2,5,5,5,5,,,
"Nuffield Health, Plymouth Hospital",NT233,NT2,5,4.5,4.25,4.25,1,0,0
"Nuffield Health, Tees Hospital",NT237,NT2,5,5,5,5,,,
"Nuffield Health, The Grosvenor Hospital, Chester",NT210,NT2,5,5,5,5,,,
"Nuffield Health, The Manor Hospital, Oxford",NT244,NT2,4.83,3.86,4,4.17,,,
"Nuffield Health, York Hospital",NT245,NT2,5,5,5,5,,,
Nuffield Orthopaedic Centre,RTH03,RTH,4.63,3.78,3.89,3.56,,,
Oaklands Hospital,NVC12,NVC,4.88,4.75,4.86,5,3,1,0
Oaks Hospital,NVC13,NVC,4.64,4.81,4.78,4.52,10,4,0
Oakwood Surgery,RHAFF,RHA,4,4,5,5,1,0,0
Okehampton Hospital,RBZ87,RBZ,3.5,3,2.5,2.5,1,0,0
Oleaster,RXTD4,RXT,2.33,1.67,1.67,2,,,
One Health Group Clinic - Chesterfield,NTX10,NTX,4,5,5,4,,,
Ormskirk and District General Hospital,RVY02,RVY,4.81,4.75,4.79,4.41,11,1,0
Orsett Hospital,RDDH1,RDD,4,3.94,3.91,3.94,7,7,0
Orthopaedics and Spine Specialist Hospital,NQM01,NQM,4.95,5,5,5,3,0,0
Oswestry Health Centre,R1D19,R1D,5,5,5,5,,,
Ottery St Mary Hospital,RBZ81,RBZ,5,4,5,5,,,
Oxted Therapy Unit,NDJ07,NDJ,5,5,5,5,,,
Palmer Community Hospital,RE9GF,RE9,4,3,2.86,3,,,
Papworth Hospital,RGM21,RGM,4.53,4.72,4.78,4.67,2,1,0
Park Hill Hospital,NVC14,NVC,5,5,5,5,,,
Parkside Hospital,NTY62,NTY,4.6,4,4.4,3.6,,,
Parkwood Hospital,RW5GA,RW5,3.25,3.5,3.25,2.25,0,3,0
Paulton Memorial Hospital,RBBP4,RBB,5,5,5,5,1,0,0
Peace Children's Centre,RWR44,RWR,5,5,5,5,,,
Pebble Lodge,RDY42,RDY,5,5,5,5,,,
Pendle Community Hospital,RXR50,RXR,4,3.17,3.5,3,1,2,0
Peninsula NHS Treatment Centre,NTC05,NTC,4.72,4.78,4.79,4.63,30,0,0
Penrith Hospital,RNLBE,RNL,4.33,5,4.67,4.67,1,0,0
Penrith Hospital,RNNBE,RNN,5,5,5,5,,,
Pershore Hospital,R1A03,R1A,5,5,5,5,1,0,0
Peter Hodgkinson Centre,RP7EV,RP7,3.14,2.29,2.57,2.29,1,1,0
Peterborough City Hospital,RGN80,RGN,4.13,3.88,3.95,3.66,19,12,0
Peterlee Community Hospital,RVWSX,RVW,3.93,3.5,3.4,3.33,1,2,0
Petersfield Community Hospital,RHU04,RHU,5,5,5,5,,,
Petersfield Hospital,RW170,RW1,5,5,5,5,1,0,0
Pilgrim Hospital,RWDLA,RWD,4.14,4,4.21,3.84,14,3,0
Pinderfields Hospital,RXF05,RXF,4.18,3.65,3.79,3.62,36,21,0
Pinehill Hospital,NVC15,NVC,5,5,5,4.8,5,0,0
Pleck Health Centre,RBK61,RBK,3,2,2.5,2.5,,,
Plym Bridge,NR535,NR5,2,4,5,3,,,
Pontefract Hospital,RXF03,RXF,4.37,4.02,4.08,4.02,9,2,0
Poole Hospital,RD304,RD3,3.84,3.9,4.1,4.06,4,0,0
Portishead Health Centre,RA315,RA3,4,5,5,5,,,
Portslade Health Centre,RDRPH,RDR,4,4,4,5,,,
Potters Bar Community Hospital,RY402,RY4,5,5,5,4.75,2,0,0
Princess Alexandra Hospital,RQWG0,RQW,4.22,3.89,3.91,3.91,16,5,0
Princess Anne Hospital,RHM12,RHM,4.36,3.98,4.19,3.95,14,1,0
Princess of Wales Community Hospital,R1A04,R1A,5,4.67,4.33,3.67,,,
Princess Of Wales Hospital,R1ACG,R1A,3,2.33,3.25,2.33,3,1,0
Princess Of Wales Hospital,RYV03,RYV,4.74,4.45,4.61,4.2,1,0,0
Princess Royal Hospital,RXH09,RXH,4.54,4.44,4.5,4.2,8,2,0
Princess Royal University Hospital,RJZ30,RJZ,3.72,3.5,3.83,3.65,,,
Priory Clinic Nottingham,NTN30478,NTN,5,5,5,4,,,
Priory Hospital Cheadle Royal,NTN23,NTN,3,1.5,1,1.33,,,
Priory Hospital Chelmsford,NTN07,NTN,5,4,4,4,,,
Priory Hospital Hayes Grove,NTN09,NTN,5,5,5,5,,,
Priory Hospital North London,NTN15,NTN,5,1,1,1,,,
Priory Hospital Southampton,NTN12,NTN,4,1,1,1,,,
Prospect Park Hospital,RWX51,RWX,3.18,2.91,3,2.77,1,5,0
Purley War Memorial Hospital,RJ613,RJ6,5,4.33,4.33,4.2,1,0,0
Queen Alexandra Hospital,RHU03,RHU,4.27,4.15,4.22,3.83,26,11,0
Queen Charlotte's Hospital,RYJ04,RYJ,3.8,3.37,3.36,3.5,12,7,0
Queen Elizabeth Hospital,RR7EN,RR7,4.02,3.92,3.94,3.86,11,9,0
Queen Elizabeth Hospital,RRK02,RRK,4.11,3.85,4.02,3.86,10,5,0
Queen Elizabeth Hospital Birmingham,RRK15,RRK,4.26,4.03,4.15,4.07,19,7,0
Queen Elizabeth I I Hospital,RWH20,RWH,4.08,4.31,4.34,4.35,20,13,0
Queen Elizabeth The Queen Mother Hospital,RVV09,RVV,4.07,4.08,4.04,3.94,38,10,0
Queen Mary Hospital - Mental Health Services,RQY07,RQY,5,2.5,2.5,2.5,,,
Queen Mary's Hospital (Bexley),RPGAH,RPG,4.78,4.5,4.52,4.52,1,0,0
Queen Mary's Hospital For Children,RVR07,RVR,4.8,4.8,4.8,4.6,4,0,0
"Queen Mary's Hospital, Roehampton (St George's Healthcare Services)",RJ731,RJ7,4.5,4.5,4.5,4.45,3,0,0
Queen Victoria Hospital,RTX01,RTX,4,5,5,5,,,
Queen Victoria Hospital (East Grinstead),RPC04,RPC,4.72,4.86,4.88,4.78,17,1,0
Queen Victoria Memorial Hospital,RWF14,RWF,5,5,5,5,,,
Queen Victoria Memorial Hospital,RYYC3,RYY,4.67,5,4.89,5,1,0,0
Queen's Hospital,RF4QH,RF4,3.84,3.63,3.67,3.57,36,26,0
"Queen's Hospital, Burton Upon Trent",RJF02,RJF,4.2,3.87,4.05,3.85,6,2,0
Radbourne Unit,RXM64,RXM,5,2.5,2.5,1.5,,,
Reading NHS Treatment Centre,NVC03,NVC,5,5,5,5,,,
Reading Walk - In Health Centre,YDCE4,NDA,5,5,5,5,,,
Reaside Clinic,RXT64,RXT,5,5,5,3,,,
Redcar Primary Care Hospital,RTR18,RTR,4,3.4,3,3.17,1,1,0
Renacres Hospital,NVC16,NVC,5,5,5,5,6,0,0
Reservoir Court,RXT65,RXT,4,4.33,5,2.67,,,
Ridgewood Centre,RXX20,RXX,1,1,1,3,,,
Ripley Hospital,RY8DG,RY8,4.75,4.63,4.88,4.86,3,0,0
Ripon and District Community Hospital,RCD02,RCD,5,5,5,5,,,
Rivers Hospital,NVC19,NVC,4.88,4.62,4.79,4.73,6,0,0
Robert Jones & Agnes Hunt Orthopaedic and District Hospital,RXWMJ,RXW,5,5,5,5,1,0,0
Rochdale Infirmary,RW604,RW6,4.45,4.4,4.5,4.4,16,2,0
Rochford Hospital,RWN10,RWN,4,3.33,3.33,2.67,,,
Romsey Hospital,RW1FY,RW1,5,4,4,3.75,0,1,0
"Roseberry Park, Middlesbrough",RX3FL,RX3,4,1,4,1,,,
Rosie Hospital,RGT32,RGT,3.88,3.5,3.63,3,3,0,0
Ross on Wye Community Hospital ,RLQ08,RLQ,3.67,4,3.67,3.67,,,
Rossendale Primary Care Centre,RXRE9,RXR,4.88,4.63,4.5,3.86,,,
Rothbury Community Hospital,RTFEF,RTF,5,5,5,5,,,
Rotherham Hospital,RFRPA,RFR,3.5,3.07,3.3,3.26,2,2,0
Rowley Hall Hospital,NVC17,NVC,4.79,4.79,4.89,4.89,10,1,0
Rowley Regis Hospital,RXK10,RXK,5,5,5,5,,,
Royal Albert Edward Infirmary,RRF02,RRF,4.3,3.75,3.78,3.95,4,3,0
Royal Alexandra Children's Hospital,RXH06,RXH,4.57,4.57,4.83,4.71,2,0,0
Royal Berkshire Bracknell Clinic,RHWAA,RHW,5,5,4.75,5,,,
Royal Berkshire Hospital,RHW01,RHW,4.17,4.1,4.26,4.09,43,13,0
Royal Blackburn Hospital,RXR20,RXR,3.7,3.55,3.63,3.44,14,22,0
Royal Bolton Hospital,RMC01,RMC,4.37,4.4,4.34,4.28,20,11,0
Royal Bournemouth General Hospital,RDZ20,RDZ,4.3,4.16,4.2,4.11,16,3,0
Royal Brompton Hospital,RT302,RT3,4.46,4.81,4.85,4.84,14,0,0
Royal Cornwall Hospital (Treliske),REF12,REF,4.04,3.86,3.83,3.81,16,4,0
Royal Derby Hospital,RTGFG,RTG,3.98,3.57,3.59,3.67,7,4,0
Royal Devon and Exeter Hospital (Wonford),RH801,RH8,4.26,4.43,4.36,4.17,17,4,0
Royal Eye Infirmary,RK953,RK9,3.57,3.87,4.19,3.85,5,6,0
Royal Free Hospital,RAL01,RAL,4.23,4.09,4.19,4.15,39,15,0
Royal Hallamshire Hospital,RHQHH,RHQ,4.59,4.52,4.53,4.28,20,4,0
Royal Hampshire County Hospital,RN541,RN5,4.26,4,4.2,4.16,6,1,0
Royal Hospital For Neuro-Disability,NTY33,NTY,3.33,2.33,3.67,3,,,
Royal Lancaster Infirmary,RTX02,RTX,4.08,4.05,4.13,3.92,28,9,0
Royal Lancaster Infirmary,NT720,NT7,4.6,4.6,4.4,4.4,1,0,0
Royal Leamington Spa Rehabilitation Hospital,RJC46 ,RJC,4.5,3.5,3,2,,,
Royal Liverpool University Dental Hospital,RQ614,RQ6,4.38,4.44,4.31,4.19,5,1,0
Royal Manchester Children's Hospital,RW3RM,RW3,3.88,4.29,4.43,4.5,2,1,0
Royal National Hospital For Rheumatic Diseases NHS FT,RBB01,RBB,4.85,4.75,4.9,4.85,1,0,0
Royal National Orthopaedic Hospital (Bolsover Street),RAN02,RAN,5,5,5,5,,,
"Royal National Throat, Nose and Ear Hospital",RRVRN,RRV,3.85,3.19,3.52,3.44,2,3,0
Royal Oldham Hospital,RW603,RW6,4.29,4,4.18,4.08,32,9,0
Royal Orthopaedic Hospital,RRJ05,RRJ,4.13,3.71,4.08,3.83,2,0,0
Royal Preston Hospital,RXN02,RXN,4.15,3.99,4.02,3.8,47,18,0
Royal Shrewsbury Hospital,RXWAS,RXW,4.13,4.07,4.12,4.24,7,5,0
Royal South Hants Hospital,RHM02,RHM,3,3,2.5,3,,,
Royal Surrey County Hospital,RA201,RA2,4.33,4.16,4.31,4.28,10,3,0
Royal Sussex County Hospital,RXH01,RXH,3.82,3.93,3.96,3.69,15,8,0
Royal United Hospital,RD130,RD1,4.06,3.85,4.02,3.95,9,4,0
Royal Victoria Hospital (Folkestone),RVV03,RVV,4.25,4.5,4.75,4.64,3,2,0
Russells Hall Hospital,RNA01,RNA,4.25,4.04,4.03,3.82,30,15,0
Salford Royal,RM301,RM3,4.31,3.89,4.03,4,12,9,0
Salisbury District Hospital,RNZ02,RNZ,4.24,4.32,4.33,4.21,18,4,0
Samuel Johnson Community Hospital,RJF04,RJF,4.52,4.23,4.55,4.33,2,1,0
Sandalwood Court,RVN8A,RVN,4,1,4,2,,,
Sandwell General Hospital,RXK01,RXK,2.94,2.94,2.82,3,2,11,0
"Sandwell Park Hospital, Hartlepool",RX3NH,RX3,5,5,5,3,,,
Savernake Hospital,RN313,RN3,4.5,5,5,5,,,
Scarborough Hospital,RCBCA,RCB,4.03,3.94,4.06,3.89,3,1,0
Scunthorpe General Hospital,RJL32,RJL,3.78,3.41,3.63,3.44,3,3,0
Seacroft Hospital,RR814,RR8,3.33,2.5,3,2.33,,,
Sevenoaks Hospital,RYYD9,RYY,4.77,4.69,4.69,4.67,6,0,0
Sevenoaks Hospital,RPA74,RPA,4.5,4.13,4,4.33,,,
Shakespeare Medical Practice (Walk In Centre),YDCD2,NTP,2.5,4.5,4,2,,,
Sheffield Children's Hospital,RCUEF,RCU,3.71,4.29,4.14,4.29,4,1,0
Sheffield City Walk-In Centre,YDCE5,RHQ,4,3,1,4,,,
Sheldon Unit,RYW22,RYW,5,5,5,5,,,
Sheppey Community Hospital,RYYC7,RYY,4.88,4.89,5,5,1,0,0
Shepton Mallet Community Hospital,RBAD2,RBA,4.67,4.33,5,5,3,0,0
Shepton Mallet NHS Treatment Centre,NTC01,NTC,4.72,4.72,4.82,4.69,25,2,0
Shipley Hospital,RAE2H,RAE,3,2,3,3,,,
Shotley Bridge Hospital,RXPCW,RXP,3.86,3.7,4.27,4.09,5,3,0
Sidmouth Hospital,RBZ83,RBZ,5,5,5,5,,,
Sir G B Hunter Memorial Hospital,RTFFQ,RTF,3,4,5,3,0,1,0
Sir Robert Peel Hospital,RJF05,RJF,4.83,4.57,4.48,4.39,4,0,0
Sittingbourne Hospital,RPA29,RPA,3.67,5,5,5,2,1,0
Sittingbourne Memorial Hospital,RYYC8,RYY,4.5,4.5,4,4.13,3,1,0
Skegness and District General Hospital,RY539,RY5,3.67,3,3,3,1,0,0
Skelmersdale Walk/In Centre,YDC62,RVY,5,5,5,5,,,
Skipton General Hospital,RCF31,RCF,5,5,5,5,,,
Small Heath Health Centre,RXT73,RXT,3,1,1,1,0,1,0
Soho NHS Walk-in Centre,RYX02,RYX,4.5,4.31,4.38,4.58,,,
Solihull Hospital,RR109,RR1,4.05,3.95,4.05,3.79,10,5,0
South Bristol Community Hospital,RA773,RA7,4.57,4.33,4.67,4.33,3,0,0
South Liverpool NHS Treatment Centre GP Doctors Service,RY196,RY1,4,2,1,1,,,
South Petherton Community Hospital,RH5G1,RH5,5,5,5,5,,,
South Tyneside District Hospital,RE9GA,RE9,3.62,3.39,3.67,3.69,8,7,0
Southampton General Hospital,RHM01,RHM,4.04,3.93,4,3.86,12,11,0
Southampton NHS Treatment Centre,NTP11,NTP,4.75,4.63,4.5,4.24,4,1,0
Southend Hospital,RAJ01,RAJ,3.89,3.94,4.01,3.71,17,4,0
Southlands Hospital,RYR14,RYR,4.43,4.57,4.43,4.29,2,0,0
Southmead Hospital,RVN3N-B,RVN,4,3,3,3,,,
Southmead Hospital,RVJ01,RVJ,3.87,3.96,3.93,3.87,13,9,0
Southport and Formby District General Hospital,RVY01,RVY,3.91,3.64,3.65,3.59,2,3,0
Spire Bristol Hospital,NT302,NT3,4.79,4.64,4.79,4.71,4,1,0
Spire Bushey Hospital,NT315,NT3,4.25,4,4.75,4,,,
Spire Cheshire Hospital,NT324,NT3,4.92,4.69,5,4.58,3,0,0
Spire Clare Park Hospital,NT345,NT3,5,5,5,5,,,
Spire Dunedin Hospital,NT344,NT3,5,5,5,5,,,
Spire Elland Hospital,NT348,NT3,4.83,5,5,5,,,
Spire Fylde Coast Hospital,NT347,NT3,4.67,5,5,5,1,0,0
Spire Harpenden Hospital,NT316,NT3,5,5,5,5,2,0,0
Spire Hartswood Hospital,NT319,NT3,4,4.67,4.33,4.33,,,
Spire Hull and East Riding Hospital,NT351,NT3,5,5,5,5,,,
Spire Leeds Hospital,NT332,NT3,4.79,4.83,4.71,4.64,4,1,0
Spire Leicester Hospital,NT322,NT3,5,5,5,5,,,
Spire Little Aston Hospital,NT321,NT3,5,4.5,4.5,5,1,0,0
Spire Liverpool Hospital,NT337,NT3,4.8,5,5,5,,,
Spire Manchester Hospital,NT327,NT3,4.6,4.8,5,5,1,0,0
Spire Methley Park Hospital,NT350,NT3,4.86,5,5,4.71,,,
Spire Murrayfield Hospital,NT325,NT3,4,5,5,5,1,0,0
Spire Portsmouth Hospital,NT305,NT3,5,4,5,3,,,
Spire Regency Hospital,NT339,NT3,5,5,5,5,1,1,0
Spire Roding Hospital,NT314,NT3,4.5,4,3,3,,,
Spire South Bank Hospital,NT301,NT3,5,5,5,5,,,
Spire Southampton Hospital,NT304,NT3,5,4.75,4,4,,,
Spire St Saviours Hospital,NT346,NT3,1,5,5,5,,,
Spire Sussex Hospital,NT309,NT3,5,5,5,5,,,
Spire Tunbridge Wells Hospital,NT310,NT3,2.4,1.8,2,1.8,1,0,0
Spire Washington Hospital,NT333,NT3,3,3,3,3,,,
Spire Wellesley Hospital,NT313,NT3,5,1,1,1,,,
Springfield Hospital,NVC18,NVC,4.67,4.77,4.78,4.68,5,1,0
Springfield University Hospital,RQY01,RQY,2.67,2.67,3.25,1.67,1,0,0
Springview,RXA54,RXA,3.5,1,1,2.5,,,
St Albans City Hospital,RWG03,RWG,4.34,4.49,4.45,4.34,19,3,0
St Andrew's Healthcare - Northampton,NYA01,NYA,3,1,1,1,,,
St Anns,RRP46,RRP,2.14,1.71,1.71,1.71,2,1,0
St Ann's Hospital,RDY10,RDY,2.71,2.17,2.14,1.71,0,1,0
St Austell Community Hospital,NLL13,NLL,4.79,4.73,4.6,4.67,4,0,0
St Barnabas Hospital,NLL08,NLL,5,5,5,5,,,
St Bartholomews Hospital,RXYRN,RXY,5,5,5,5,,,
St Bartholomew's Hospital,R1HM0,R1H,3.95,4.05,4.05,4.4,9,1,0
St Catherine's Hospital,NCK02,NCK,5,5,5,5,,,
St Charles Centre for Health and Wellbeing,RYX01,RYX,5,5,5,5,,,
St George's,RRE11,RRE,3.5,3,2.67,2.67,0,1,0
St George's At Kings College Hospital,RJ761,RJ7,1,1,1,1,,,
St George's At St John's Therapy Centre,RJ760,RJ7,5,5,5,4,1,0,0
St George's Hospital (London),RJ701,RJ7,4,3.88,3.99,3.99,27,11,0
St Georges Hospital (Morpeth),RX4E2,RX4,5,4.4,5,4.2,,,
St Helens Hospital,RBN02,RBN,5,5,5,5,5,0,0
St Helier Hospital,RVR05,RVR,3.76,3.65,3.7,3.64,26,16,0
St Hugh,NTE02,NTE,5,5,5,5,,,
St James' Hospital,RW159,RW1,5,4.5,4.5,4.5,,,
St James's Hospital,RR813,RR8,3.83,3.57,3.6,3.49,14,16,0
St Leonards Community Hospital,RDYFG,RDY,5,5,5,5,,,
St Lukes Hospital,RAE05,RAE,4.18,4.27,4.36,4.18,2,0,0
St Luke's Hospital,RY8CY,RY8,,5,,,2,0,0
St Margaret's Hospital,RWNT1,RWN,5,5,5,5,,,
St Margaret's Hospital,RQX04,RQX,4.33,4.67,3.86,4.6,3,0,0
St Marks Hospital,RWX84,RWX,3.83,3.25,3.45,3.1,2,1,0
St Mark's Hospital,RV8M2,RV8,3.73,3.53,3.57,3.93,1,1,0
St Martin's Hospital,NT702,NT7,5,3,2,3,,,
St Mary,RW3SM,RW3,4.18,3.37,3.5,3.37,5,5,0
St Mary's Health Campus,RHU02,RHU,4.35,3.76,4.18,4,2,0,0
St Mary's Hospital,R1F01,R1F,4.1,4.19,3.88,3.95,8,8,0
St Mary's Hospital,RWE10,RWE,5,5,5,4.98,2,0,0
St Mary's Hospital,RP1A1,RP1,2,1.5,2.5,1,,,
St Mary's Hospital (HQ),RYJ01,RYJ,4,3.92,4.07,4.09,8,2,0
St Mary's NHS Treatment Centre,NTPAD,NTP,4,4,4,2.67,0,1,0
St Michael,RRP47,RRP,3.8,2.6,2.8,2.6,,,
St Michael's Hospital,RA707,RA7,4.33,3.79,4.15,4.14,5,0,0
St Michael's Hospital,REF02,REF,4.85,4.96,4.89,4.96,10,0,0
St Michael's Hospital,RQ8LF,RQ8,5,5,5,5,,,
St Michael's Hospital,RYG79,RYG,4,3,3,1.5,0,1,0
St Michael's Hospital Site,NT710,NT7,5,5,5,5,,,
St Oswald's,RY87V,RY8,4,3.67,3.67,3.67,1,0,0
St Pancras Hospital,RV3DY,RV3,2,1,1,1,,,
St Peter's Hospital,RQ8LJ,RQ8,3.29,2.83,3.43,3.25,3,1,0
St Peter's Hospital,RTK01,RTK,4.37,4.59,4.57,4.4,37,3,0
St Richard's Hospital,RYR16,RYR,4.39,4.51,4.51,4.43,27,5,0
St Thomas',RJ122,RJ1,4.07,4.06,4.05,4.08,21,3,0
Stafford Hospital,RJD01,RJD,4.42,4.34,4.48,4.34,7,9,0
Stamford and Rutland Hospital,RGN49,RGN,4.71,4.43,4.43,4.43,1,0,0
Stepping Hill Hospital,RWJ09,RWJ,4.17,3.95,4.08,3.93,17,11,0
Stoke Mandeville Hospital,RXQ02,RXQ,4.2,4,4.06,4,6,4,0
Stratford Hospital,RJC03,RJC,4,4.11,4,4.11,1,0,0
Stratton Hospital,NLL09,NLL,4.9,4.5,4.5,4.4,,,
Stroud General Hospital,R1J13,R1J,4.38,4.11,4.33,3.9,7,2,0
Sunbury Health Centre,NDA50,NDA,4,5,5,5,,,
Sunderland Eye Infirmary,RLNGM,RLN,4.7,4.83,4.71,4.81,7,1,0
Sunderland Royal Hospital,RLNGL,RLN,3.87,3.66,3.58,3.63,24,36,0
Surrey Lodge Group Practice,RW3GP,RW3,1,1,1,1,,,
Sussex Community Dermatology Service (Crawley Hospital),NYG06,NYG,4,5,5,5,2,0,0
Sussex Eye Hospital,RXH07,RXH,4.27,4.27,4.27,4.09,1,0,0
Sutton Cottage Hospital,RYW20,RYW,3,5,3,5,,,
Sutton Hospital,RVR06,RVR,3.31,3.81,4.13,4.15,4,3,0
Swaffham Community Hospital,RY33E,RY3,5,5,5,3,,,
Swanage Community Hospital,RDYFF,RDY,5,5,5,5,6,0,0
Swindon Health Centre,NLY02,NLY,5,5,5,5,,,
Tameside General Hospital,RMP01,RMP,3.57,3.16,3.33,3.22,8,7,0
Tavistock Community Hospital,R1G56,R1G,5,5,5,5,3,0,0
Teddington Memorial Hospital,RY922,RY9,2.5,2.5,3,3,,,
Tees Valley Treatment Centre,NVC35,NVC,5,4.6,4.56,4.56,5,0,0
Teignmouth Community Hospital,R1G13,R1G,5,4,4,4,,,
Tenbury Community Hospital,R1A05,R1A,5,5,4.5,5,,,
Tetbury Hospital,NTY48,NTY,5,5,5,5,,,
Tewkesbury General Hospital,RTE14,RTE,4.8,5,5,5,2,0,0
Tewkesbury Hospital,R1J08,R1J,5,3,4,3.5,,,
Thame Community Hospital,RXQ62,RXQ,4,4,5,5,,,
Thanet Multi Agency Service,RXYTV,RXY,5,5,5,5,,,
The Bennion Centre (Elderly),RT5KG,RT5,,5,5,5,,,
The Berkshire Independent Hospital,NVC02,NVC,4.93,4.94,5,5,6,0,0
The Bradgate Mental Health Unit,RT5KF,RT5,3.44,2.2,2.18,2.56,0,1,0
The Christie,RBV01,RBV,5,4.5,3.67,4.71,1,0,0
The Clatterbridge Cancer Centre NHS Foundation Trust,REN20,REN,3,3,3,3,,,
"The County Hospital, Wye Valley NHS Trust",RLQ01,RLQ,3.8,3.72,3.75,3.7,4,3,0
The Eastman Dental Hospital,RRVE1,RRV,4,4.75,4.75,4.6,3,0,0
The Essex Cardiothoracic Centre,RDDH8,RDD,4.43,4.69,4.71,4.71,4,0,0
The Fountains,NTT07,NTT,5,5,5,5,,,
The Gordon Hospital,RV346,RV3,3.75,3.25,3,2.5,0,1,0
The Great Western Hospital,RN325,RN3,4.32,4.07,4.21,4.05,20,4,0
The Heart Hospital,RRV30,RRV,4.78,4.63,4.77,4.69,7,0,0
The Horder Centre ,NXM01,NXM,4.85,4.85,4.88,4.75,12,0,0
The Huntercombe Hospital - Maidenhead,NV201,NV2,2,1,1,1,,,
The Huntercombe Hospital - Stafford,NV203,NV2,5,5,5,5,,,
The Huntingdon NHS Treatment Centre,RQQTC,RQQ,4.75,5,5,5,3,0,0
The Ipswich Hospital,RGQ02,RGQ,3.9,3.84,3.96,3.74,15,6,0
The James Cook University Hospital,RTRAT,RTR,4.1,4.33,4.2,4.25,15,6,0
The Ladywell Unit,RV509,RV5,3.2,3.6,2.8,2.8,0,2,0
The Lambeth Hospital,RV502,RV5,,5,,,,,
The Liverpool Centre Clinic,NTD03,NTD,5,3,4,5,,,
The London Chest Hospital,R1H83,R1H,4.5,4.63,4.67,4.75,4,0,0
The Mount,RGD05,RGD,5,5,5,5,,,
The New Selby War Memorial Hospital,RCB07,RCB,4.64,4.9,4.82,4.64,3,1,0
The North East NHS Surgery Centre,NTRTC,NTR,4.33,4,4,3.33,,,
The Princess Royal Hospital,RXWAT,RXW,4.15,3.82,3.81,3.6,8,3,0
The Queen Elizabeth Hospital,RCX70,RCX,4.09,3.84,3.89,3.71,5,6,0
The Red House,RXY20,RXY,4,4,4,5,1,0,0
The Redwoods Centre,RRED9,RRE,5,5,5,5,0,1,0
The Robert Jones and Agnes Hunt Orthopaedic Hospital,RL131,RL1,4.77,4.46,4.67,4.75,4,1,0
The Royal Liverpool University Hospital,RQ617,RQ6,4.02,4.01,4.03,3.98,16,8,0
The Royal London Hospital,R1H12,R1H,3.6,3.09,3.25,3.3,17,6,0
The Royal London Hospital For Integrated Medicine,RRV60,RRV,4.39,4.26,4.32,4.45,7,1,0
The Royal Marsden Hospital (London),RPY01,RPY,4.11,3.63,3.67,3.78,1,0,0
The Royal Marsden Hospital (Surrey),RPY02,RPY,5,5,5,5,2,0,0
The Royal National Orthopaedic Hospital (Stanmore),RAN01,RAN,4.44,4.06,4.31,4.13,1,0,0
The Royal South Hants Hospital,R1C34,R1C,4,3.5,3,3,,,
The Royal Victoria Infirmary,RTD02,RTD,4.38,4.04,4.03,3.97,13,5,0
The Springs Community,NMJ15,NMJ,5,5,5,5,,,
The Tunbridge Wells Hospital,RWFTW,RWF,4.3,3.9,3.89,3.68,11,5,0
The Westbourne Centre,NVC44,NVC,4.93,4.93,4.93,4.93,,,
The Whalton Unit,RTFDM,RTF,3,1,1,1,0,1,0
The Whittington Hospital,RKEQ4,RKE,3.92,3.88,3.9,3.82,17,5,0
The Whittington Hospital At Hornsey Central,RKEHC,RKE,5,4,5,,,,
The York Hospital,RCB55,RCB,4.47,4.38,4.41,4.32,14,1,0
The Yorkshire Clinic,NVC20,NVC,4.5,4.1,3.9,4.33,2,0,0
Thomas Linacre Outpatient Centre,RRF54,RRF,3.71,3.86,3.86,3.33,1,1,0
Thornhills Medical Practice,NMK14,NMK,4,3,2,3,,,
Thurrock Hospital,RWN50,RWN,5,1,1,1,,,
Tile Hill Health Centre,RYG69,RYG,4,,1,,,,
Tiverton and District Hospital,RBZ93,RBZ,4.5,4.17,4,4.27,5,1,0
Tollgate Lodge Medical Centre,NTPAK,NTP,4,5,5,5,1,0,0
Tonbridge Cottage Hospital,RYYDC,RYY,5,4,5,5,,,
Torbay Hospital,RA901,RA9,4.6,4.67,4.73,4.59,53,5,0
Tower House Medical Centre,NLT07,NLT,5,5,5,5,,,
Trafford General Hospital,RW3TR,RW3,4.07,3.8,4.14,3.8,4,1,0
Trowbridge Community Hospital,RN334,RN3,3.71,3.25,3.29,3,,,
Tyneside Surgical Services At The North East NHS Surgery Centre,NN401,NN4,5,5,5,4.5,,,
Uckfield Community Hospital,RXCAA,RXC,4,2,1,1,,,
Uckfield Hospital,RXC18,RXC,4.71,5,4.43,4.43,4,0,0
University College Hospital,RRV03,RRV,4.18,3.98,3.97,3.99,24,11,0
University College Hospital Macmillan Cancer Centre,RRVCC,RRV,4.78,3.67,3.44,4,0,1,0
University Dental Hospital,RW3DH,RW3,3.54,2.93,2.92,3.23,3,2,0
University Hospital (Coventry),RKB01,RKB,3.76,3.48,3.56,3.31,11,8,0
University Hospital Lewisham,RJ224,RJ2,4.14,4.14,4.08,4.24,17,7,0
University Hospital Of Hartlepool,RVWAA,RVW,4.11,4.56,4.48,4.33,8,0,0
University Hospital Of North Durham,RXPCP,RXP,3.85,3.8,3.86,3.82,30,17,0
University Hospital Of North Staffordshire,RJEHQ,RJE,4.12,3.82,3.89,3.71,13,4,0
University Hospital Of North Tees,RVWAE,RVW,3.75,3.63,3.85,3.67,15,5,0
University Of Bristol Dental Hospital,RA709,RA7,3,,1,,0,1,0
Upton Hospital,RWX85,RWX,3.83,3.6,3.38,3.33,0,2,0
Urmston Clinic,RY26E,RY2,3,1,1,1,,,
Vale Community Hospital,R1J07,R1J,5,5,5,5,,,
Victoria Central Hospital,RBL02,RBL,5,5,5,4,,,
Victoria Health Centre,RHAMJ,RHA,,,1,1,,,
Victoria Hospital,RDYFE,RDY,4.86,4.67,4.25,4.57,5,0,0
"Victoria Hospital, Deal",RYYCH,RYY,4.67,4.73,4.83,4.75,2,0,0
Victoria Infirmary (Northwich),RBT21,RBT,4.67,4.48,4.48,4.58,5,1,0
Violet Melchett Health Clinic,RYX17,RYX,5,2,1,3,,,
"Walk-in Centre at Royal Victoria Hospital, Folkestone",RYYCW,RYY,4.69,4.54,4.69,4.46,,,
Wallingford Community Hospital,RTH16,RNU,5,5,5,5,,,
Walton Community Hospital,NDA07,NDA,5,5,5,5,,,
Walton Hospital,RY8AJ,RY8,4,5,5,5,3,0,0
Wansbeck Hospital,RTFED,RTF,4.16,3.93,4.1,3.9,15,16,0
Wantage Community Hospital,RTH21,RNU,5,5,5,5,,,
Wareham Community Hospital,RDYFD,RDY,5,5,5,5,,,
Warminster Community Hospital,RN3C5,RN3,4.33,3.4,3.67,3,1,0,0
Warrington Hospital,RWWWH,RWW,4.27,4.05,4.1,3.86,23,7,0
Warwick Hospital,RJC02,RJC,4.23,4.44,4.47,4.43,35,13,0
Waters Meeting Health Centre,RMC47,RMC,5,5,5,5,,,
Watford General Hospital,RWG02,RWG,3.98,3.85,3.85,3.72,15,18,0
Watford General Hospital,RALWA,RAL,3,3,3,3,,,
Weller Wing,RWNM7,RWN,3.5,4,3.5,1,1,0,0
West Berkshire Community Hospital,RHW05,RHW,4.5,4.71,4.88,4.71,3,0,0
West Cornwall Hospital (Penzance),REF01,REF,4.87,4.87,4.77,4.89,7,0,0
West Cumberland Hospital,RNLBX,RNL,4.16,4.53,4.56,4.33,9,2,0
West Heath Hospital,RYW24,RYW,3.86,3,3,3.43,,,
"West Lane Hospital, Middlesbrough",RX3LF,RX3,1,1,1,1,,,
West Mendip Community Hospital,RH5F8,RH5,4.29,5,4.5,4.67,5,1,0
West Middlesex University Hospital,RFW01,RFW,4.09,4.11,4.1,3.93,25,5,0
"West Middlesex University Hospital, O Block",RY919,RY9,2,1,1,1,,,
West Midlands Hospital,NVC21,NVC,5,5,5,3.67,,,
West Park Hospital,5MV02,RL4,3,2,3,1,,,
"West Park Hospital, Darlington",RX3MM,RX3,4.5,2.25,2.25,2.25,,,
West Suffolk Hospital,RGR50,RGR,4.37,4.15,4.15,3.88,4,0,0
Westbourne Green Community Hospital,RAE5H,RAE,4.5,4,4.5,2.5,2,0,0
Western Eye Hospital,RYJ07,RYJ,3.49,3.78,3.53,3.57,7,7,0
Westmorland General Hospital,RTXBW,RTX,4.6,4.55,4.69,4.64,10,2,0
Weston General Hospital,RA301,RA3,3.82,3.94,3.66,3.72,3,7,0
Weston Park Hospital,RHQWP,RHQ,4.17,3.5,3.67,4.6,,,
Westwood Park Dtc,RWY04,RWY,5,5,5,5,,,
Wexham Park Hospital,RD750,RD7,3.59,3.58,3.62,3.48,14,7,0
Weybridge Community Hospital,NDA08,NDA,4,3.5,4.5,5,1,0,0
Weymouth Community Hospital,RDYEF,RDY,3,1,1,2,,,
Weymouth Community Hospital,RBD05,RBD,5,5,5,4.83,1,0,0
Wharfedale Hospital,RR807,RR8,4.75,4.7,4.61,4.7,5,1,0
Whipps Cross University Hospital,R1HKH,R1H,3.59,3.32,3.46,3.2,9,7,0
Whiston Hospital,RBN01,RBN,4.45,3.96,4.06,4.02,10,4,0
Whitby Hospital,RCBWH,RCB,4.2,4,3.4,3.4,1,0,0
Whitstable and Tankerton Hospital,RYYCM,RYY,5,5,5,5,2,0,0
Whitworth Hospital,RY8AE,RY8,4.67,5,5,5,4,0,0
Will Adams NHS Treatment Centre,NTP16,NTP,4.71,5,4.67,4.57,3,1,0
William Harvey Hospital (Ashford),RVV01,RVV,3.72,3.9,4.03,3.77,33,20,0
Wilmslow Road Medical Centre,RW3WR,RW3,3,5,5,5,2,0,0
Wilson Hospital ,RQY36,RQY,1,1,1,1,,,
Winfield Hospital,NVC22,NVC,4.88,5,4.94,5,6,0,0
Winscombe Surgery,NLT06,NLT,5,5,5,5,,,
Withernsea Hospital,RV913,RV9,3,3,3,5,1,1,0
Witney Community Hospital,RTH44,RNU,4,4,4.29,4.14,1,0,0
Woking Community Hospital,RXX12,RXX,4.1,4.2,4.09,4,2,2,0
Wollaton Park Medical Centre (Healthharmonie),NO008,NO0,3,1,1,1,,,
Wonford House Hospital,RWV62,RWV,3.5,2.67,2.83,2.67,,,
Woodland Hospital,NVC23,NVC,4.81,4.69,4.77,4.81,0,1,0
Worcestershire Royal Hospital,RWP50,RWP,4.35,4.29,4.27,4.02,16,3,0
Worle Health Centre,NLT16,NLT,,,2,,0,1,0
Worthing Hospital,RYR18,RYR,4.28,3.92,3.96,4.04,21,5,0
Wrightington Hospital,RRF53,RRF,4.71,4.29,4.46,4.54,3,1,0
Wycombe Hospital,RXQ50,RXQ,4.03,3.97,4.09,3.9,1,4,0
Wythenshawe Hospital,RM202,RM2,4.28,4.19,4.31,4.15,26,8,0
Yate West Gate Centre,RVJ29,RVJ,4,5,5,,,,
Yeatman Hospital,RDYFC,RDY,4.5,5,5,5,,,
Yeatman Hospital,RBD30,RBD,5,5,5,5,,,
Yeovil District Hospital,RA430,RA4,4.22,4.04,4.07,4.1,13,3,0
Yorkshire Eye Hospital,NTYD6,NTY,5,3,5,5,,,
Zachary Merton Community Hospital ,5P603,RDR,4.5,5,5,5,,,
Zinnia Centre,RXTD2,RXT,4,1.5,1,1,0,2,0
